{"nodes":[{"id":"compare_1772906303302","typeId":"compare","px":550.59375,"py":301.4609375}],"connections":[],"offset":{"x":319.5029689287778,"y":194.74338064941418},"scale":0.2}