{"nodes":[{"id":"start_1772906534401","typeId":"start","px":383.43359375,"py":194.91796875}],"connections":[],"offset":{"x":0.0,"y":0.0},"scale":1.0}